{
  "ok": true,
  "seed": "mcpsnitch-v0.1-seed",
  "node": "v22.19.0",
  "fixtureHash": "f40409420171099a71c91af0e02748714931062a080e8334537befe3d9f1a7e9",
  "baseline": {
    "name": "raw JSON.parse forwarding",
    "p50Ms": 0.000708,
    "p95Ms": 0.000875,
    "p99Ms": 0.001833
  },
  "mcpsnitch": {
    "name": "analyzeJsonRpc proxy tap",
    "p50Ms": 0.00925,
    "p95Ms": 0.015792,
    "p99Ms": 0.061541
  },
  "deltaP99Ms": 0.059708,
  "anomalyPrecision": 1,
  "maliciousInjected": 50,
  "flagged": 50
}
